{
    "users": [
        {
            "id": 1,
            "firstName": "Terry",
            "lastName": "Medhurst",
            "maidenName": "Elder",
            "age": 50,
            "gender": "male",
            "email": "atuny0@sohu.com",
            "phone": "+63 791 675 8914",
            "username": "atuny0",
            "password": "9uQFF1Lh",
            "birthDate": "2/12/2023",
            "image": "https://robohash.org/hicveldicta.png",
            "bloodGroup": "A−",
            "height": 431201106,
            "weight": 75.4,
            "eyeColor": "Done",
            "hair": {
                "color": "Black",
                "type": "Strands"
            },
            "domain": "slashdot.org",
            "ip": "117.29.86.254",
            "address": {
                "address": "1745 T Street Southeast",
                "city": "Washington",
                "coordinates": {
                    "lat": 38.867033,
                    "lng": -76.979235
                },
                "postalCode": "20020",
                "state": "DC"
            },
            "macAddress": "13:69:BA:56:A3:74",
            "university": "Capitol University",
            "bank": {
                "cardExpire": "06/22",
                "cardNumber": "50380955204220685",
                "cardType": "maestro",
                "currency": "Peso",
                "iban": "NO17 0695 2754 967"
            },
            "company": {
                "address": {
                    "address": "629 Debbie Drive",
                    "city": "Nashville",
                    "coordinates": {
                        "lat": 36.208114,
                        "lng": -86.58621199999999
                    },
                    "postalCode": "37076",
                    "state": "TN"
                },
                "department": "Marketing",
                "name": "Blanda-O'Keefe",
                "title": "Help Desk Operator"
            },
            "ein": "20-9487066",
            "ssn": "661-64-2976",
            "userAgent": "Mozilla/5.0 (Windows NT 6.1) AppleWebKit/534.24 (KHTML, like Gecko) Chrome/12.0.702.0 Safari/534.24"
        },
        {
            "id": 2,
            "firstName": "Terry",
            "lastName": "Medhurst",
            "maidenName": "Elder",
            "age": 50,
            "gender": "male",
            "email": "atuny0@sohu.com",
            "phone": "+63 791 675 8914",
            "username": "atuny0",
            "password": "9uQFF1Lh",
            "birthDate": "2/12/2023",
            "image": "https://robohash.org/hicveldicta.png",
            "bloodGroup": "A−",
            "height": 431201106,
            "weight": 75.4,
            "eyeColor": "Done",
            "hair": {
                "color": "Black",
                "type": "Strands"
            },
            "domain": "slashdot.org",
            "ip": "117.29.86.254",
            "address": {
                "address": "1745 T Street Southeast",
                "city": "Washington",
                "coordinates": {
                    "lat": 38.867033,
                    "lng": -76.979235
                },
                "postalCode": "20020",
                "state": "DC"
            },
            "macAddress": "13:69:BA:56:A3:74",
            "university": "Capitol University",
            "bank": {
                "cardExpire": "06/22",
                "cardNumber": "50380955204220685",
                "cardType": "maestro",
                "currency": "Peso",
                "iban": "NO17 0695 2754 967"
            },
            "company": {
                "address": {
                    "address": "629 Debbie Drive",
                    "city": "Nashville",
                    "coordinates": {
                        "lat": 36.208114,
                        "lng": -86.58621199999999
                    },
                    "postalCode": "37076",
                    "state": "TN"
                },
                "department": "Marketing",
                "name": "Blanda-O'Keefe",
                "title": "Help Desk Operator"
            },
            "ein": "20-9487066",
            "ssn": "661-64-2976",
            "userAgent": "Mozilla/5.0 (Windows NT 6.1) AppleWebKit/534.24 (KHTML, like Gecko) Chrome/12.0.702.0 Safari/534.24"
        },
        {
            "id": 3,
            "firstName": "Terry",
            "lastName": "Medhurst",
            "maidenName": "Elder",
            "age": 50,
            "gender": "male",
            "email": "atuny0@sohu.com",
            "phone": "+63 791 675 8914",
            "username": "atuny0",
            "password": "9uQFF1Lh",
            "birthDate": "2/12/2023",
            "image": "https://robohash.org/hicveldicta.png",
            "bloodGroup": "A−",
            "height": 431201106,
            "weight": 75.4,
            "eyeColor": "Done",
            "hair": {
                "color": "Black",
                "type": "Strands"
            },
            "domain": "slashdot.org",
            "ip": "117.29.86.254",
            "address": {
                "address": "1745 T Street Southeast",
                "city": "Washington",
                "coordinates": {
                    "lat": 38.867033,
                    "lng": -76.979235
                },
                "postalCode": "20020",
                "state": "DC"
            },
            "macAddress": "13:69:BA:56:A3:74",
            "university": "Capitol University",
            "bank": {
                "cardExpire": "06/22",
                "cardNumber": "50380955204220685",
                "cardType": "maestro",
                "currency": "Peso",
                "iban": "NO17 0695 2754 967"
            },
            "company": {
                "address": {
                    "address": "629 Debbie Drive",
                    "city": "Nashville",
                    "coordinates": {
                        "lat": 36.208114,
                        "lng": -86.58621199999999
                    },
                    "postalCode": "37076",
                    "state": "TN"
                },
                "department": "Marketing",
                "name": "Blanda-O'Keefe",
                "title": "Help Desk Operator"
            },
            "ein": "20-9487066",
            "ssn": "661-64-2976",
            "userAgent": "Mozilla/5.0 (Windows NT 6.1) AppleWebKit/534.24 (KHTML, like Gecko) Chrome/12.0.702.0 Safari/534.24"
        },
        {
            "id": 4,
            "firstName": "Terry",
            "lastName": "Medhurst",
            "maidenName": "Elder",
            "age": 50,
            "gender": "male",
            "email": "atuny0@sohu.com",
            "phone": "+63 791 675 8914",
            "username": "atuny0",
            "password": "9uQFF1Lh",
            "birthDate": "2/12/2023",
            "image": "https://robohash.org/hicveldicta.png",
            "bloodGroup": "A−",
            "height": 431201106,
            "weight": 75.4,
            "eyeColor": "Done",
            "hair": {
                "color": "Black",
                "type": "Strands"
            },
            "domain": "slashdot.org",
            "ip": "117.29.86.254",
            "address": {
                "address": "1745 T Street Southeast",
                "city": "Washington",
                "coordinates": {
                    "lat": 38.867033,
                    "lng": -76.979235
                },
                "postalCode": "20020",
                "state": "DC"
            },
            "macAddress": "13:69:BA:56:A3:74",
            "university": "Capitol University",
            "bank": {
                "cardExpire": "06/22",
                "cardNumber": "50380955204220685",
                "cardType": "maestro",
                "currency": "Peso",
                "iban": "NO17 0695 2754 967"
            },
            "company": {
                "address": {
                    "address": "629 Debbie Drive",
                    "city": "Nashville",
                    "coordinates": {
                        "lat": 36.208114,
                        "lng": -86.58621199999999
                    },
                    "postalCode": "37076",
                    "state": "TN"
                },
                "department": "Marketing",
                "name": "Blanda-O'Keefe",
                "title": "Help Desk Operator"
            },
            "ein": "20-9487066",
            "ssn": "661-64-2976",
            "userAgent": "Mozilla/5.0 (Windows NT 6.1) AppleWebKit/534.24 (KHTML, like Gecko) Chrome/12.0.702.0 Safari/534.24"
        },
        {
            "id": 5,
            "firstName": "Terry",
            "lastName": "Medhurst",
            "maidenName": "Elder",
            "age": 50,
            "gender": "male",
            "email": "atuny0@sohu.com",
            "phone": "+63 791 675 8914",
            "username": "atuny0",
            "password": "9uQFF1Lh",
            "birthDate": "2/12/2023",
            "image": "https://robohash.org/hicveldicta.png",
            "bloodGroup": "A−",
            "height": 431201106,
            "weight": 75.4,
            "eyeColor": "Done",
            "hair": {
                "color": "Black",
                "type": "Strands"
            },
            "domain": "slashdot.org",
            "ip": "117.29.86.254",
            "address": {
                "address": "1745 T Street Southeast",
                "city": "Washington",
                "coordinates": {
                    "lat": 38.867033,
                    "lng": -76.979235
                },
                "postalCode": "20020",
                "state": "DC"
            },
            "macAddress": "13:69:BA:56:A3:74",
            "university": "Capitol University",
            "bank": {
                "cardExpire": "06/22",
                "cardNumber": "50380955204220685",
                "cardType": "maestro",
                "currency": "Peso",
                "iban": "NO17 0695 2754 967"
            },
            "company": {
                "address": {
                    "address": "629 Debbie Drive",
                    "city": "Nashville",
                    "coordinates": {
                        "lat": 36.208114,
                        "lng": -86.58621199999999
                    },
                    "postalCode": "37076",
                    "state": "TN"
                },
                "department": "Marketing",
                "name": "Blanda-O'Keefe",
                "title": "Help Desk Operator"
            },
            "ein": "20-9487066",
            "ssn": "661-64-2976",
            "userAgent": "Mozilla/5.0 (Windows NT 6.1) AppleWebKit/534.24 (KHTML, like Gecko) Chrome/12.0.702.0 Safari/534.24"
        },
        {
            "id": 6,
            "firstName": "Terry",
            "lastName": "Medhurst",
            "maidenName": "Elder",
            "age": 50,
            "gender": "male",
            "email": "atuny0@sohu.com",
            "phone": "+63 791 675 8914",
            "username": "atuny0",
            "password": "9uQFF1Lh",
            "birthDate": "2/12/2023",
            "image": "https://robohash.org/hicveldicta.png",
            "bloodGroup": "A−",
            "height": 431201106,
            "weight": 75.4,
            "eyeColor": "Done",
            "hair": {
                "color": "Black",
                "type": "Strands"
            },
            "domain": "slashdot.org",
            "ip": "117.29.86.254",
            "address": {
                "address": "1745 T Street Southeast",
                "city": "Washington",
                "coordinates": {
                    "lat": 38.867033,
                    "lng": -76.979235
                },
                "postalCode": "20020",
                "state": "DC"
            },
            "macAddress": "13:69:BA:56:A3:74",
            "university": "Capitol University",
            "bank": {
                "cardExpire": "06/22",
                "cardNumber": "50380955204220685",
                "cardType": "maestro",
                "currency": "Peso",
                "iban": "NO17 0695 2754 967"
            },
            "company": {
                "address": {
                    "address": "629 Debbie Drive",
                    "city": "Nashville",
                    "coordinates": {
                        "lat": 36.208114,
                        "lng": -86.58621199999999
                    },
                    "postalCode": "37076",
                    "state": "TN"
                },
                "department": "Marketing",
                "name": "Blanda-O'Keefe",
                "title": "Help Desk Operator"
            },
            "ein": "20-9487066",
            "ssn": "661-64-2976",
            "userAgent": "Mozilla/5.0 (Windows NT 6.1) AppleWebKit/534.24 (KHTML, like Gecko) Chrome/12.0.702.0 Safari/534.24"
        },
        {
            "id": 7,
            "firstName": "Terry",
            "lastName": "Medhurst",
            "maidenName": "Elder",
            "age": 50,
            "gender": "male",
            "email": "atuny0@sohu.com",
            "phone": "+63 791 675 8914",
            "username": "atuny0",
            "password": "9uQFF1Lh",
            "birthDate": "2/12/2023",
            "image": "https://robohash.org/hicveldicta.png",
            "bloodGroup": "A−",
            "height": 431201106,
            "weight": 75.4,
            "eyeColor": "Done",
            "hair": {
                "color": "Black",
                "type": "Strands"
            },
            "domain": "slashdot.org",
            "ip": "117.29.86.254",
            "address": {
                "address": "1745 T Street Southeast",
                "city": "Washington",
                "coordinates": {
                    "lat": 38.867033,
                    "lng": -76.979235
                },
                "postalCode": "20020",
                "state": "DC"
            },
            "macAddress": "13:69:BA:56:A3:74",
            "university": "Capitol University",
            "bank": {
                "cardExpire": "06/22",
                "cardNumber": "50380955204220685",
                "cardType": "maestro",
                "currency": "Peso",
                "iban": "NO17 0695 2754 967"
            },
            "company": {
                "address": {
                    "address": "629 Debbie Drive",
                    "city": "Nashville",
                    "coordinates": {
                        "lat": 36.208114,
                        "lng": -86.58621199999999
                    },
                    "postalCode": "37076",
                    "state": "TN"
                },
                "department": "Marketing",
                "name": "Blanda-O'Keefe",
                "title": "Help Desk Operator"
            },
            "ein": "20-9487066",
            "ssn": "661-64-2976",
            "userAgent": "Mozilla/5.0 (Windows NT 6.1) AppleWebKit/534.24 (KHTML, like Gecko) Chrome/12.0.702.0 Safari/534.24"
        },
        {
            "id": 8,
            "firstName": "Terry",
            "lastName": "Medhurst",
            "maidenName": "Elder",
            "age": 50,
            "gender": "male",
            "email": "atuny0@sohu.com",
            "phone": "+63 791 675 8914",
            "username": "atuny0",
            "password": "9uQFF1Lh",
            "birthDate": "2/12/2023",
            "image": "https://robohash.org/hicveldicta.png",
            "bloodGroup": "A−",
            "height": 431201106,
            "weight": 75.4,
            "eyeColor": "Done",
            "hair": {
                "color": "Black",
                "type": "Strands"
            },
            "domain": "slashdot.org",
            "ip": "117.29.86.254",
            "address": {
                "address": "1745 T Street Southeast",
                "city": "Washington",
                "coordinates": {
                    "lat": 38.867033,
                    "lng": -76.979235
                },
                "postalCode": "20020",
                "state": "DC"
            },
            "macAddress": "13:69:BA:56:A3:74",
            "university": "Capitol University",
            "bank": {
                "cardExpire": "06/22",
                "cardNumber": "50380955204220685",
                "cardType": "maestro",
                "currency": "Peso",
                "iban": "NO17 0695 2754 967"
            },
            "company": {
                "address": {
                    "address": "629 Debbie Drive",
                    "city": "Nashville",
                    "coordinates": {
                        "lat": 36.208114,
                        "lng": -86.58621199999999
                    },
                    "postalCode": "37076",
                    "state": "TN"
                },
                "department": "Marketing",
                "name": "Blanda-O'Keefe",
                "title": "Help Desk Operator"
            },
            "ein": "20-9487066",
            "ssn": "661-64-2976",
            "userAgent": "Mozilla/5.0 (Windows NT 6.1) AppleWebKit/534.24 (KHTML, like Gecko) Chrome/12.0.702.0 Safari/534.24"
        },
        {
            "id": 9,
            "firstName": "Terry",
            "lastName": "Medhurst",
            "maidenName": "Elder",
            "age": 50,
            "gender": "male",
            "email": "atuny0@sohu.com",
            "phone": "+63 791 675 8914",
            "username": "atuny0",
            "password": "9uQFF1Lh",
            "birthDate": "2/12/2023",
            "image": "https://robohash.org/hicveldicta.png",
            "bloodGroup": "A−",
            "height": 431201106,
            "weight": 75.4,
            "eyeColor": "Done",
            "hair": {
                "color": "Black",
                "type": "Strands"
            },
            "domain": "slashdot.org",
            "ip": "117.29.86.254",
            "address": {
                "address": "1745 T Street Southeast",
                "city": "Washington",
                "coordinates": {
                    "lat": 38.867033,
                    "lng": -76.979235
                },
                "postalCode": "20020",
                "state": "DC"
            },
            "macAddress": "13:69:BA:56:A3:74",
            "university": "Capitol University",
            "bank": {
                "cardExpire": "06/22",
                "cardNumber": "50380955204220685",
                "cardType": "maestro",
                "currency": "Peso",
                "iban": "NO17 0695 2754 967"
            },
            "company": {
                "address": {
                    "address": "629 Debbie Drive",
                    "city": "Nashville",
                    "coordinates": {
                        "lat": 36.208114,
                        "lng": -86.58621199999999
                    },
                    "postalCode": "37076",
                    "state": "TN"
                },
                "department": "Marketing",
                "name": "Blanda-O'Keefe",
                "title": "Help Desk Operator"
            },
            "ein": "20-9487066",
            "ssn": "661-64-2976",
            "userAgent": "Mozilla/5.0 (Windows NT 6.1) AppleWebKit/534.24 (KHTML, like Gecko) Chrome/12.0.702.0 Safari/534.24"
        },
        {
            "id": 10,
            "firstName": "Terry",
            "lastName": "Medhurst",
            "maidenName": "Elder",
            "age": 50,
            "gender": "male",
            "email": "atuny0@sohu.com",
            "phone": "+63 791 675 8914",
            "username": "atuny0",
            "password": "9uQFF1Lh",
            "birthDate": "2/12/2023",
            "image": "https://robohash.org/hicveldicta.png",
            "bloodGroup": "A−",
            "height": 431201106,
            "weight": 75.4,
            "eyeColor": "Done",
            "hair": {
                "color": "Black",
                "type": "Strands"
            },
            "domain": "slashdot.org",
            "ip": "117.29.86.254",
            "address": {
                "address": "1745 T Street Southeast",
                "city": "Washington",
                "coordinates": {
                    "lat": 38.867033,
                    "lng": -76.979235
                },
                "postalCode": "20020",
                "state": "DC"
            },
            "macAddress": "13:69:BA:56:A3:74",
            "university": "Capitol University",
            "bank": {
                "cardExpire": "06/22",
                "cardNumber": "50380955204220685",
                "cardType": "maestro",
                "currency": "Peso",
                "iban": "NO17 0695 2754 967"
            },
            "company": {
                "address": {
                    "address": "629 Debbie Drive",
                    "city": "Nashville",
                    "coordinates": {
                        "lat": 36.208114,
                        "lng": -86.58621199999999
                    },
                    "postalCode": "37076",
                    "state": "TN"
                },
                "department": "Marketing",
                "name": "Blanda-O'Keefe",
                "title": "Help Desk Operator"
            },
            "ein": "20-9487066",
            "ssn": "661-64-2976",
            "userAgent": "Mozilla/5.0 (Windows NT 6.1) AppleWebKit/534.24 (KHTML, like Gecko) Chrome/12.0.702.0 Safari/534.24"
        },
        {
            "id": 11,
            "firstName": "Terry",
            "lastName": "Medhurst",
            "maidenName": "Elder",
            "age": 50,
            "gender": "male",
            "email": "atuny0@sohu.com",
            "phone": "+63 791 675 8914",
            "username": "atuny0",
            "password": "9uQFF1Lh",
            "birthDate": "2/12/2023",
            "image": "https://robohash.org/hicveldicta.png",
            "bloodGroup": "A−",
            "height": 431201106,
            "weight": 75.4,
            "eyeColor": "Done",
            "hair": {
                "color": "Black",
                "type": "Strands"
            },
            "domain": "slashdot.org",
            "ip": "117.29.86.254",
            "address": {
                "address": "1745 T Street Southeast",
                "city": "Washington",
                "coordinates": {
                    "lat": 38.867033,
                    "lng": -76.979235
                },
                "postalCode": "20020",
                "state": "DC"
            },
            "macAddress": "13:69:BA:56:A3:74",
            "university": "Capitol University",
            "bank": {
                "cardExpire": "06/22",
                "cardNumber": "50380955204220685",
                "cardType": "maestro",
                "currency": "Peso",
                "iban": "NO17 0695 2754 967"
            },
            "company": {
                "address": {
                    "address": "629 Debbie Drive",
                    "city": "Nashville",
                    "coordinates": {
                        "lat": 36.208114,
                        "lng": -86.58621199999999
                    },
                    "postalCode": "37076",
                    "state": "TN"
                },
                "department": "Marketing",
                "name": "Blanda-O'Keefe",
                "title": "Help Desk Operator"
            },
            "ein": "20-9487066",
            "ssn": "661-64-2976",
            "userAgent": "Mozilla/5.0 (Windows NT 6.1) AppleWebKit/534.24 (KHTML, like Gecko) Chrome/12.0.702.0 Safari/534.24"
        },
        {
            "id": 12,
            "firstName": "Terry",
            "lastName": "Medhurst",
            "maidenName": "Elder",
            "age": 50,
            "gender": "male",
            "email": "atuny0@sohu.com",
            "phone": "+63 791 675 8914",
            "username": "atuny0",
            "password": "9uQFF1Lh",
            "birthDate": "2/12/2023",
            "image": "https://robohash.org/hicveldicta.png",
            "bloodGroup": "A−",
            "height": 431201106,
            "weight": 75.4,
            "eyeColor": "Done",
            "hair": {
                "color": "Black",
                "type": "Strands"
            },
            "domain": "slashdot.org",
            "ip": "117.29.86.254",
            "address": {
                "address": "1745 T Street Southeast",
                "city": "Washington",
                "coordinates": {
                    "lat": 38.867033,
                    "lng": -76.979235
                },
                "postalCode": "20020",
                "state": "DC"
            },
            "macAddress": "13:69:BA:56:A3:74",
            "university": "Capitol University",
            "bank": {
                "cardExpire": "06/22",
                "cardNumber": "50380955204220685",
                "cardType": "maestro",
                "currency": "Peso",
                "iban": "NO17 0695 2754 967"
            },
            "company": {
                "address": {
                    "address": "629 Debbie Drive",
                    "city": "Nashville",
                    "coordinates": {
                        "lat": 36.208114,
                        "lng": -86.58621199999999
                    },
                    "postalCode": "37076",
                    "state": "TN"
                },
                "department": "Marketing",
                "name": "Blanda-O'Keefe",
                "title": "Help Desk Operator"
            },
            "ein": "20-9487066",
            "ssn": "661-64-2976",
            "userAgent": "Mozilla/5.0 (Windows NT 6.1) AppleWebKit/534.24 (KHTML, like Gecko) Chrome/12.0.702.0 Safari/534.24"
        },
        {
            "id": 13,
            "firstName": "Terry",
            "lastName": "Medhurst",
            "maidenName": "Elder",
            "age": 50,
            "gender": "male",
            "email": "atuny0@sohu.com",
            "phone": "+63 791 675 8914",
            "username": "atuny0",
            "password": "9uQFF1Lh",
            "birthDate": "2/12/2023",
            "image": "https://robohash.org/hicveldicta.png",
            "bloodGroup": "A−",
            "height": 431201106,
            "weight": 75.4,
            "eyeColor": "Done",
            "hair": {
                "color": "Black",
                "type": "Strands"
            },
            "domain": "slashdot.org",
            "ip": "117.29.86.254",
            "address": {
                "address": "1745 T Street Southeast",
                "city": "Washington",
                "coordinates": {
                    "lat": 38.867033,
                    "lng": -76.979235
                },
                "postalCode": "20020",
                "state": "DC"
            },
            "macAddress": "13:69:BA:56:A3:74",
            "university": "Capitol University",
            "bank": {
                "cardExpire": "06/22",
                "cardNumber": "50380955204220685",
                "cardType": "maestro",
                "currency": "Peso",
                "iban": "NO17 0695 2754 967"
            },
            "company": {
                "address": {
                    "address": "629 Debbie Drive",
                    "city": "Nashville",
                    "coordinates": {
                        "lat": 36.208114,
                        "lng": -86.58621199999999
                    },
                    "postalCode": "37076",
                    "state": "TN"
                },
                "department": "Marketing",
                "name": "Blanda-O'Keefe",
                "title": "Help Desk Operator"
            },
            "ein": "20-9487066",
            "ssn": "661-64-2976",
            "userAgent": "Mozilla/5.0 (Windows NT 6.1) AppleWebKit/534.24 (KHTML, like Gecko) Chrome/12.0.702.0 Safari/534.24"
        },
        {
            "id": 14,
            "firstName": "Terry",
            "lastName": "Medhurst",
            "maidenName": "Elder",
            "age": 50,
            "gender": "male",
            "email": "atuny0@sohu.com",
            "phone": "+63 791 675 8914",
            "username": "atuny0",
            "password": "9uQFF1Lh",
            "birthDate": "2/12/2023",
            "image": "https://robohash.org/hicveldicta.png",
            "bloodGroup": "A−",
            "height": 431201106,
            "weight": 75.4,
            "eyeColor": "Done",
            "hair": {
                "color": "Black",
                "type": "Strands"
            },
            "domain": "slashdot.org",
            "ip": "117.29.86.254",
            "address": {
                "address": "1745 T Street Southeast",
                "city": "Washington",
                "coordinates": {
                    "lat": 38.867033,
                    "lng": -76.979235
                },
                "postalCode": "20020",
                "state": "DC"
            },
            "macAddress": "13:69:BA:56:A3:74",
            "university": "Capitol University",
            "bank": {
                "cardExpire": "06/22",
                "cardNumber": "50380955204220685",
                "cardType": "maestro",
                "currency": "Peso",
                "iban": "NO17 0695 2754 967"
            },
            "company": {
                "address": {
                    "address": "629 Debbie Drive",
                    "city": "Nashville",
                    "coordinates": {
                        "lat": 36.208114,
                        "lng": -86.58621199999999
                    },
                    "postalCode": "37076",
                    "state": "TN"
                },
                "department": "Marketing",
                "name": "Blanda-O'Keefe",
                "title": "Help Desk Operator"
            },
            "ein": "20-9487066",
            "ssn": "661-64-2976",
            "userAgent": "Mozilla/5.0 (Windows NT 6.1) AppleWebKit/534.24 (KHTML, like Gecko) Chrome/12.0.702.0 Safari/534.24"
        },
        {
            "id": 15,
            "firstName": "Terry",
            "lastName": "Medhurst",
            "maidenName": "Elder",
            "age": 50,
            "gender": "male",
            "email": "atuny0@sohu.com",
            "phone": "+63 791 675 8914",
            "username": "atuny0",
            "password": "9uQFF1Lh",
            "birthDate": "2/12/2023",
            "image": "https://robohash.org/hicveldicta.png",
            "bloodGroup": "A−",
            "height": 431201106,
            "weight": 75.4,
            "eyeColor": "Done",
            "hair": {
                "color": "Black",
                "type": "Strands"
            },
            "domain": "slashdot.org",
            "ip": "117.29.86.254",
            "address": {
                "address": "1745 T Street Southeast",
                "city": "Washington",
                "coordinates": {
                    "lat": 38.867033,
                    "lng": -76.979235
                },
                "postalCode": "20020",
                "state": "DC"
            },
            "macAddress": "13:69:BA:56:A3:74",
            "university": "Capitol University",
            "bank": {
                "cardExpire": "06/22",
                "cardNumber": "50380955204220685",
                "cardType": "maestro",
                "currency": "Peso",
                "iban": "NO17 0695 2754 967"
            },
            "company": {
                "address": {
                    "address": "629 Debbie Drive",
                    "city": "Nashville",
                    "coordinates": {
                        "lat": 36.208114,
                        "lng": -86.58621199999999
                    },
                    "postalCode": "37076",
                    "state": "TN"
                },
                "department": "Marketing",
                "name": "Blanda-O'Keefe",
                "title": "Help Desk Operator"
            },
            "ein": "20-9487066",
            "ssn": "661-64-2976",
            "userAgent": "Mozilla/5.0 (Windows NT 6.1) AppleWebKit/534.24 (KHTML, like Gecko) Chrome/12.0.702.0 Safari/534.24"
        },
        {
            "id": 16,
            "firstName": "Terry",
            "lastName": "Medhurst",
            "maidenName": "Elder",
            "age": 50,
            "gender": "male",
            "email": "atuny0@sohu.com",
            "phone": "+63 791 675 8914",
            "username": "atuny0",
            "password": "9uQFF1Lh",
            "birthDate": "2/12/2023",
            "image": "https://robohash.org/hicveldicta.png",
            "bloodGroup": "A−",
            "height": 431201106,
            "weight": 75.4,
            "eyeColor": "Done",
            "hair": {
                "color": "Black",
                "type": "Strands"
            },
            "domain": "slashdot.org",
            "ip": "117.29.86.254",
            "address": {
                "address": "1745 T Street Southeast",
                "city": "Washington",
                "coordinates": {
                    "lat": 38.867033,
                    "lng": -76.979235
                },
                "postalCode": "20020",
                "state": "DC"
            },
            "macAddress": "13:69:BA:56:A3:74",
            "university": "Capitol University",
            "bank": {
                "cardExpire": "06/22",
                "cardNumber": "50380955204220685",
                "cardType": "maestro",
                "currency": "Peso",
                "iban": "NO17 0695 2754 967"
            },
            "company": {
                "address": {
                    "address": "629 Debbie Drive",
                    "city": "Nashville",
                    "coordinates": {
                        "lat": 36.208114,
                        "lng": -86.58621199999999
                    },
                    "postalCode": "37076",
                    "state": "TN"
                },
                "department": "Marketing",
                "name": "Blanda-O'Keefe",
                "title": "Help Desk Operator"
            },
            "ein": "20-9487066",
            "ssn": "661-64-2976",
            "userAgent": "Mozilla/5.0 (Windows NT 6.1) AppleWebKit/534.24 (KHTML, like Gecko) Chrome/12.0.702.0 Safari/534.24"
        },
        {
            "id": 17,
            "firstName": "Terry",
            "lastName": "Medhurst",
            "maidenName": "Elder",
            "age": 50,
            "gender": "male",
            "email": "atuny0@sohu.com",
            "phone": "+63 791 675 8914",
            "username": "atuny0",
            "password": "9uQFF1Lh",
            "birthDate": "2/12/2023",
            "image": "https://robohash.org/hicveldicta.png",
            "bloodGroup": "A−",
            "height": 431201106,
            "weight": 75.4,
            "eyeColor": "Done",
            "hair": {
                "color": "Black",
                "type": "Strands"
            },
            "domain": "slashdot.org",
            "ip": "117.29.86.254",
            "address": {
                "address": "1745 T Street Southeast",
                "city": "Washington",
                "coordinates": {
                    "lat": 38.867033,
                    "lng": -76.979235
                },
                "postalCode": "20020",
                "state": "DC"
            },
            "macAddress": "13:69:BA:56:A3:74",
            "university": "Capitol University",
            "bank": {
                "cardExpire": "06/22",
                "cardNumber": "50380955204220685",
                "cardType": "maestro",
                "currency": "Peso",
                "iban": "NO17 0695 2754 967"
            },
            "company": {
                "address": {
                    "address": "629 Debbie Drive",
                    "city": "Nashville",
                    "coordinates": {
                        "lat": 36.208114,
                        "lng": -86.58621199999999
                    },
                    "postalCode": "37076",
                    "state": "TN"
                },
                "department": "Marketing",
                "name": "Blanda-O'Keefe",
                "title": "Help Desk Operator"
            },
            "ein": "20-9487066",
            "ssn": "661-64-2976",
            "userAgent": "Mozilla/5.0 (Windows NT 6.1) AppleWebKit/534.24 (KHTML, like Gecko) Chrome/12.0.702.0 Safari/534.24"
        },
        {
            "id": 18,
            "firstName": "Terry",
            "lastName": "Medhurst",
            "maidenName": "Elder",
            "age": 50,
            "gender": "male",
            "email": "atuny0@sohu.com",
            "phone": "+63 791 675 8914",
            "username": "atuny0",
            "password": "9uQFF1Lh",
            "birthDate": "2/12/2023",
            "image": "https://robohash.org/hicveldicta.png",
            "bloodGroup": "A−",
            "height": 431201106,
            "weight": 75.4,
            "eyeColor": "Done",
            "hair": {
                "color": "Black",
                "type": "Strands"
            },
            "domain": "slashdot.org",
            "ip": "117.29.86.254",
            "address": {
                "address": "1745 T Street Southeast",
                "city": "Washington",
                "coordinates": {
                    "lat": 38.867033,
                    "lng": -76.979235
                },
                "postalCode": "20020",
                "state": "DC"
            },
            "macAddress": "13:69:BA:56:A3:74",
            "university": "Capitol University",
            "bank": {
                "cardExpire": "06/22",
                "cardNumber": "50380955204220685",
                "cardType": "maestro",
                "currency": "Peso",
                "iban": "NO17 0695 2754 967"
            },
            "company": {
                "address": {
                    "address": "629 Debbie Drive",
                    "city": "Nashville",
                    "coordinates": {
                        "lat": 36.208114,
                        "lng": -86.58621199999999
                    },
                    "postalCode": "37076",
                    "state": "TN"
                },
                "department": "Marketing",
                "name": "Blanda-O'Keefe",
                "title": "Help Desk Operator"
            },
            "ein": "20-9487066",
            "ssn": "661-64-2976",
            "userAgent": "Mozilla/5.0 (Windows NT 6.1) AppleWebKit/534.24 (KHTML, like Gecko) Chrome/12.0.702.0 Safari/534.24"
        },
        {
            "id": 19,
            "firstName": "Terry",
            "lastName": "Medhurst",
            "maidenName": "Elder",
            "age": 50,
            "gender": "male",
            "email": "atuny0@sohu.com",
            "phone": "+63 791 675 8914",
            "username": "atuny0",
            "password": "9uQFF1Lh",
            "birthDate": "2/12/2023",
            "image": "https://robohash.org/hicveldicta.png",
            "bloodGroup": "A−",
            "height": 431201106,
            "weight": 75.4,
            "eyeColor": "Done",
            "hair": {
                "color": "Black",
                "type": "Strands"
            },
            "domain": "slashdot.org",
            "ip": "117.29.86.254",
            "address": {
                "address": "1745 T Street Southeast",
                "city": "Washington",
                "coordinates": {
                    "lat": 38.867033,
                    "lng": -76.979235
                },
                "postalCode": "20020",
                "state": "DC"
            },
            "macAddress": "13:69:BA:56:A3:74",
            "university": "Capitol University",
            "bank": {
                "cardExpire": "06/22",
                "cardNumber": "50380955204220685",
                "cardType": "maestro",
                "currency": "Peso",
                "iban": "NO17 0695 2754 967"
            },
            "company": {
                "address": {
                    "address": "629 Debbie Drive",
                    "city": "Nashville",
                    "coordinates": {
                        "lat": 36.208114,
                        "lng": -86.58621199999999
                    },
                    "postalCode": "37076",
                    "state": "TN"
                },
                "department": "Marketing",
                "name": "Blanda-O'Keefe",
                "title": "Help Desk Operator"
            },
            "ein": "20-9487066",
            "ssn": "661-64-2976",
            "userAgent": "Mozilla/5.0 (Windows NT 6.1) AppleWebKit/534.24 (KHTML, like Gecko) Chrome/12.0.702.0 Safari/534.24"
        },
        {
            "id": 20,
            "firstName": "Terry",
            "lastName": "Medhurst",
            "maidenName": "Elder",
            "age": 50,
            "gender": "male",
            "email": "atuny0@sohu.com",
            "phone": "+63 791 675 8914",
            "username": "atuny0",
            "password": "9uQFF1Lh",
            "birthDate": "2/12/2023",
            "image": "https://robohash.org/hicveldicta.png",
            "bloodGroup": "A−",
            "height": 431201106,
            "weight": 75.4,
            "eyeColor": "Done",
            "hair": {
                "color": "Black",
                "type": "Strands"
            },
            "domain": "slashdot.org",
            "ip": "117.29.86.254",
            "address": {
                "address": "1745 T Street Southeast",
                "city": "Washington",
                "coordinates": {
                    "lat": 38.867033,
                    "lng": -76.979235
                },
                "postalCode": "20020",
                "state": "DC"
            },
            "macAddress": "13:69:BA:56:A3:74",
            "university": "Capitol University",
            "bank": {
                "cardExpire": "06/22",
                "cardNumber": "50380955204220685",
                "cardType": "maestro",
                "currency": "Peso",
                "iban": "NO17 0695 2754 967"
            },
            "company": {
                "address": {
                    "address": "629 Debbie Drive",
                    "city": "Nashville",
                    "coordinates": {
                        "lat": 36.208114,
                        "lng": -86.58621199999999
                    },
                    "postalCode": "37076",
                    "state": "TN"
                },
                "department": "Marketing",
                "name": "Blanda-O'Keefe",
                "title": "Help Desk Operator"
            },
            "ein": "20-9487066",
            "ssn": "661-64-2976",
            "userAgent": "Mozilla/5.0 (Windows NT 6.1) AppleWebKit/534.24 (KHTML, like Gecko) Chrome/12.0.702.0 Safari/534.24"
        },
        {
            "id": 21,
            "firstName": "Terry",
            "lastName": "Medhurst",
            "maidenName": "Elder",
            "age": 50,
            "gender": "male",
            "email": "atuny0@sohu.com",
            "phone": "+63 791 675 8914",
            "username": "atuny0",
            "password": "9uQFF1Lh",
            "birthDate": "2/12/2023",
            "image": "https://robohash.org/hicveldicta.png",
            "bloodGroup": "A−",
            "height": 431201106,
            "weight": 75.4,
            "eyeColor": "Done",
            "hair": {
                "color": "Black",
                "type": "Strands"
            },
            "domain": "slashdot.org",
            "ip": "117.29.86.254",
            "address": {
                "address": "1745 T Street Southeast",
                "city": "Washington",
                "coordinates": {
                    "lat": 38.867033,
                    "lng": -76.979235
                },
                "postalCode": "20020",
                "state": "DC"
            },
            "macAddress": "13:69:BA:56:A3:74",
            "university": "Capitol University",
            "bank": {
                "cardExpire": "06/22",
                "cardNumber": "50380955204220685",
                "cardType": "maestro",
                "currency": "Peso",
                "iban": "NO17 0695 2754 967"
            },
            "company": {
                "address": {
                    "address": "629 Debbie Drive",
                    "city": "Nashville",
                    "coordinates": {
                        "lat": 36.208114,
                        "lng": -86.58621199999999
                    },
                    "postalCode": "37076",
                    "state": "TN"
                },
                "department": "Marketing",
                "name": "Blanda-O'Keefe",
                "title": "Help Desk Operator"
            },
            "ein": "20-9487066",
            "ssn": "661-64-2976",
            "userAgent": "Mozilla/5.0 (Windows NT 6.1) AppleWebKit/534.24 (KHTML, like Gecko) Chrome/12.0.702.0 Safari/534.24"
        },
        {
            "id": 22,
            "firstName": "Terry",
            "lastName": "Medhurst",
            "maidenName": "Elder",
            "age": 50,
            "gender": "male",
            "email": "atuny0@sohu.com",
            "phone": "+63 791 675 8914",
            "username": "atuny0",
            "password": "9uQFF1Lh",
            "birthDate": "2/12/2023",
            "image": "https://robohash.org/hicveldicta.png",
            "bloodGroup": "A−",
            "height": 431201106,
            "weight": 75.4,
            "eyeColor": "Done",
            "hair": {
                "color": "Black",
                "type": "Strands"
            },
            "domain": "slashdot.org",
            "ip": "117.29.86.254",
            "address": {
                "address": "1745 T Street Southeast",
                "city": "Washington",
                "coordinates": {
                    "lat": 38.867033,
                    "lng": -76.979235
                },
                "postalCode": "20020",
                "state": "DC"
            },
            "macAddress": "13:69:BA:56:A3:74",
            "university": "Capitol University",
            "bank": {
                "cardExpire": "06/22",
                "cardNumber": "50380955204220685",
                "cardType": "maestro",
                "currency": "Peso",
                "iban": "NO17 0695 2754 967"
            },
            "company": {
                "address": {
                    "address": "629 Debbie Drive",
                    "city": "Nashville",
                    "coordinates": {
                        "lat": 36.208114,
                        "lng": -86.58621199999999
                    },
                    "postalCode": "37076",
                    "state": "TN"
                },
                "department": "Marketing",
                "name": "Blanda-O'Keefe",
                "title": "Help Desk Operator"
            },
            "ein": "20-9487066",
            "ssn": "661-64-2976",
            "userAgent": "Mozilla/5.0 (Windows NT 6.1) AppleWebKit/534.24 (KHTML, like Gecko) Chrome/12.0.702.0 Safari/534.24"
        },
        {
            "id": 23,
            "firstName": "Terry",
            "lastName": "Medhurst",
            "maidenName": "Elder",
            "age": 50,
            "gender": "male",
            "email": "atuny0@sohu.com",
            "phone": "+63 791 675 8914",
            "username": "atuny0",
            "password": "9uQFF1Lh",
            "birthDate": "2/12/2023",
            "image": "https://robohash.org/hicveldicta.png",
            "bloodGroup": "A−",
            "height": 431201106,
            "weight": 75.4,
            "eyeColor": "Done",
            "hair": {
                "color": "Black",
                "type": "Strands"
            },
            "domain": "slashdot.org",
            "ip": "117.29.86.254",
            "address": {
                "address": "1745 T Street Southeast",
                "city": "Washington",
                "coordinates": {
                    "lat": 38.867033,
                    "lng": -76.979235
                },
                "postalCode": "20020",
                "state": "DC"
            },
            "macAddress": "13:69:BA:56:A3:74",
            "university": "Capitol University",
            "bank": {
                "cardExpire": "06/22",
                "cardNumber": "50380955204220685",
                "cardType": "maestro",
                "currency": "Peso",
                "iban": "NO17 0695 2754 967"
            },
            "company": {
                "address": {
                    "address": "629 Debbie Drive",
                    "city": "Nashville",
                    "coordinates": {
                        "lat": 36.208114,
                        "lng": -86.58621199999999
                    },
                    "postalCode": "37076",
                    "state": "TN"
                },
                "department": "Marketing",
                "name": "Blanda-O'Keefe",
                "title": "Help Desk Operator"
            },
            "ein": "20-9487066",
            "ssn": "661-64-2976",
            "userAgent": "Mozilla/5.0 (Windows NT 6.1) AppleWebKit/534.24 (KHTML, like Gecko) Chrome/12.0.702.0 Safari/534.24"
        },
        {
            "id": 24,
            "firstName": "Terry",
            "lastName": "Medhurst",
            "maidenName": "Elder",
            "age": 50,
            "gender": "male",
            "email": "atuny0@sohu.com",
            "phone": "+63 791 675 8914",
            "username": "atuny0",
            "password": "9uQFF1Lh",
            "birthDate": "2/12/2023",
            "image": "https://robohash.org/hicveldicta.png",
            "bloodGroup": "A−",
            "height": 431201106,
            "weight": 75.4,
            "eyeColor": "Done",
            "hair": {
                "color": "Black",
                "type": "Strands"
            },
            "domain": "slashdot.org",
            "ip": "117.29.86.254",
            "address": {
                "address": "1745 T Street Southeast",
                "city": "Washington",
                "coordinates": {
                    "lat": 38.867033,
                    "lng": -76.979235
                },
                "postalCode": "20020",
                "state": "DC"
            },
            "macAddress": "13:69:BA:56:A3:74",
            "university": "Capitol University",
            "bank": {
                "cardExpire": "06/22",
                "cardNumber": "50380955204220685",
                "cardType": "maestro",
                "currency": "Peso",
                "iban": "NO17 0695 2754 967"
            },
            "company": {
                "address": {
                    "address": "629 Debbie Drive",
                    "city": "Nashville",
                    "coordinates": {
                        "lat": 36.208114,
                        "lng": -86.58621199999999
                    },
                    "postalCode": "37076",
                    "state": "TN"
                },
                "department": "Marketing",
                "name": "Blanda-O'Keefe",
                "title": "Help Desk Operator"
            },
            "ein": "20-9487066",
            "ssn": "661-64-2976",
            "userAgent": "Mozilla/5.0 (Windows NT 6.1) AppleWebKit/534.24 (KHTML, like Gecko) Chrome/12.0.702.0 Safari/534.24"
        },
        {
            "id": 25,
            "firstName": "Terry",
            "lastName": "Medhurst",
            "maidenName": "Elder",
            "age": 50,
            "gender": "male",
            "email": "atuny0@sohu.com",
            "phone": "+63 791 675 8914",
            "username": "atuny0",
            "password": "9uQFF1Lh",
            "birthDate": "2/12/2023",
            "image": "https://robohash.org/hicveldicta.png",
            "bloodGroup": "A−",
            "height": 431201106,
            "weight": 75.4,
            "eyeColor": "Done",
            "hair": {
                "color": "Black",
                "type": "Strands"
            },
            "domain": "slashdot.org",
            "ip": "117.29.86.254",
            "address": {
                "address": "1745 T Street Southeast",
                "city": "Washington",
                "coordinates": {
                    "lat": 38.867033,
                    "lng": -76.979235
                },
                "postalCode": "20020",
                "state": "DC"
            },
            "macAddress": "13:69:BA:56:A3:74",
            "university": "Capitol University",
            "bank": {
                "cardExpire": "06/22",
                "cardNumber": "50380955204220685",
                "cardType": "maestro",
                "currency": "Peso",
                "iban": "NO17 0695 2754 967"
            },
            "company": {
                "address": {
                    "address": "629 Debbie Drive",
                    "city": "Nashville",
                    "coordinates": {
                        "lat": 36.208114,
                        "lng": -86.58621199999999
                    },
                    "postalCode": "37076",
                    "state": "TN"
                },
                "department": "Marketing",
                "name": "Blanda-O'Keefe",
                "title": "Help Desk Operator"
            },
            "ein": "20-9487066",
            "ssn": "661-64-2976",
            "userAgent": "Mozilla/5.0 (Windows NT 6.1) AppleWebKit/534.24 (KHTML, like Gecko) Chrome/12.0.702.0 Safari/534.24"
        },
        {
            "id": 26,
            "firstName": "Terry",
            "lastName": "Medhurst",
            "maidenName": "Elder",
            "age": 50,
            "gender": "male",
            "email": "atuny0@sohu.com",
            "phone": "+63 791 675 8914",
            "username": "atuny0",
            "password": "9uQFF1Lh",
            "birthDate": "2/12/2023",
            "image": "https://robohash.org/hicveldicta.png",
            "bloodGroup": "A−",
            "height": 431201106,
            "weight": 75.4,
            "eyeColor": "Done",
            "hair": {
                "color": "Black",
                "type": "Strands"
            },
            "domain": "slashdot.org",
            "ip": "117.29.86.254",
            "address": {
                "address": "1745 T Street Southeast",
                "city": "Washington",
                "coordinates": {
                    "lat": 38.867033,
                    "lng": -76.979235
                },
                "postalCode": "20020",
                "state": "DC"
            },
            "macAddress": "13:69:BA:56:A3:74",
            "university": "Capitol University",
            "bank": {
                "cardExpire": "06/22",
                "cardNumber": "50380955204220685",
                "cardType": "maestro",
                "currency": "Peso",
                "iban": "NO17 0695 2754 967"
            },
            "company": {
                "address": {
                    "address": "629 Debbie Drive",
                    "city": "Nashville",
                    "coordinates": {
                        "lat": 36.208114,
                        "lng": -86.58621199999999
                    },
                    "postalCode": "37076",
                    "state": "TN"
                },
                "department": "Marketing",
                "name": "Blanda-O'Keefe",
                "title": "Help Desk Operator"
            },
            "ein": "20-9487066",
            "ssn": "661-64-2976",
            "userAgent": "Mozilla/5.0 (Windows NT 6.1) AppleWebKit/534.24 (KHTML, like Gecko) Chrome/12.0.702.0 Safari/534.24"
        }
    ]
}